"Assembly","Session","Date","Word","PDF"
"19th Assembly"," 2nd Session","2021-12-9","https://www.ntassembly.ca/sites/assembly/files/hn211209_0.docx","https://www.ntassembly.ca/sites/assembly/files/hn211209.pdf"
"19th Assembly"," 2nd Session","2021-12-8","https://www.ntassembly.ca/sites/assembly/files/hn211208_0.docx","https://www.ntassembly.ca/sites/assembly/files/hn211208.pdf"
"19th Assembly"," 2nd Session","2021-12-7","https://www.ntassembly.ca/sites/assembly/files/hn211207_0.docx","https://www.ntassembly.ca/sites/assembly/files/hn211207.pdf"
"19th Assembly"," 2nd Session","2021-12-2","https://www.ntassembly.ca/sites/assembly/files/hn211202_0.docx","https://www.ntassembly.ca/sites/assembly/files/hn211202.pdf"
"19th Assembly"," 2nd Session","2021-12-1","https://www.ntassembly.ca/sites/assembly/files/hn211201.docx","https://www.ntassembly.ca/sites/assembly/files/hn211201.pdf"
"19th Assembly"," 2nd Session","2021-11-30","https://www.ntassembly.ca/sites/assembly/files/hn211130.docx","https://www.ntassembly.ca/sites/assembly/files/hn211130.pdf"
"19th Assembly"," 2nd Session","2021-11-29","https://www.ntassembly.ca/sites/assembly/files/hn211129.docx","https://www.ntassembly.ca/sites/assembly/files/hn211129.pdf"
"19th Assembly"," 2nd Session","2021-11-26","https://www.ntassembly.ca/sites/assembly/files/hn211126_0.docx","https://www.ntassembly.ca/sites/assembly/files/hn211126.pdf"
"19th Assembly"," 2nd Session","2021-11-25","https://www.ntassembly.ca/sites/assembly/files/hn211125_0.docx","https://www.ntassembly.ca/sites/assembly/files/hn211125.pdf"
"19th Assembly"," 2nd Session","2021-11-24","https://www.ntassembly.ca/sites/assembly/files/hn211124_0.docx","https://www.ntassembly.ca/sites/assembly/files/hn211124.pdf"
"19th Assembly"," 2nd Session","2021-11-23","https://www.ntassembly.ca/sites/assembly/files/hn211123.docx","https://www.ntassembly.ca/sites/assembly/files/hn211123.pdf"
"19th Assembly"," 2nd Session","2021-11-22","https://www.ntassembly.ca/sites/assembly/files/hn211122.docx","https://www.ntassembly.ca/sites/assembly/files/hn211122.pdf"
"19th Assembly"," 2nd Session","2021-6-4","https://www.ntassembly.ca/sites/assembly/files/hn210604.docx","https://www.ntassembly.ca/sites/assembly/files/hn210604.pdf"
"19th Assembly"," 2nd Session","2021-6-3","https://www.ntassembly.ca/sites/assembly/files/hn210603.docx","https://www.ntassembly.ca/sites/assembly/files/hn210603.pdf"
"19th Assembly"," 2nd Session","2021-6-2","https://www.ntassembly.ca/sites/assembly/files/hn210602.docx","https://www.ntassembly.ca/sites/assembly/files/hn210602.pdf"
"19th Assembly"," 2nd Session","2021-6-1","https://www.ntassembly.ca/sites/assembly/files/hn210601.docx","https://www.ntassembly.ca/sites/assembly/files/hn210601.pdf"
"19th Assembly"," 2nd Session","2021-5-31","https://www.ntassembly.ca/sites/assembly/files/hn210531.docx","https://www.ntassembly.ca/sites/assembly/files/hn210531.pdf"
"19th Assembly"," 2nd Session","2021-5-28","https://www.ntassembly.ca/sites/assembly/files/hn210528_0.docx","https://www.ntassembly.ca/sites/assembly/files/hn210528.pdf"
"19th Assembly"," 2nd Session","2021-5-27","https://www.ntassembly.ca/sites/assembly/files/hn210527_1.docx","https://www.ntassembly.ca/sites/assembly/files/hn210527.pdf"
"19th Assembly"," 2nd Session","2021-3-31","https://www.ntassembly.ca/sites/assembly/files/hn210331.docx","https://www.ntassembly.ca/sites/assembly/files/hn210331.pdf"
"19th Assembly"," 2nd Session","2021-3-30","https://www.ntassembly.ca/sites/assembly/files/hn210330.docx","https://www.ntassembly.ca/sites/assembly/files/hn210330.pdf"
"19th Assembly"," 2nd Session","2021-3-29","https://www.ntassembly.ca/sites/assembly/files/hn210329.docx","https://www.ntassembly.ca/sites/assembly/files/hn210329.pdf"
"19th Assembly"," 2nd Session","2021-3-12","https://www.ntassembly.ca/sites/assembly/files/hn210312.docx","https://www.ntassembly.ca/sites/assembly/files/hn210312.pdf"
"19th Assembly"," 2nd Session","2021-3-11","https://www.ntassembly.ca/sites/assembly/files/hn210311.docx","https://www.ntassembly.ca/sites/assembly/files/hn210311.pdf"
"19th Assembly"," 2nd Session","2021-3-10","https://www.ntassembly.ca/sites/assembly/files/hn210310.docx","https://www.ntassembly.ca/sites/assembly/files/hn210310.pdf"
"19th Assembly"," 1st Session","2019-12-12","https://www.ntassembly.ca/sites/assembly/files/hn191212.docx","https://www.ntassembly.ca/sites/assembly/files/hn191212.pdf"
"19th Assembly"," 1st Session","2019-12-11","https://www.ntassembly.ca/sites/assembly/files/hn191211_0.docx","https://www.ntassembly.ca/sites/assembly/files/hn191211.pdf"
"19th Assembly"," 1st Session","2019-12-10","https://www.ntassembly.ca/sites/assembly/files/hn191210.docx","https://www.ntassembly.ca/sites/assembly/files/hn191210.pdf"
"19th Assembly"," 1st Session","2019-10-25","https://www.ntassembly.ca/sites/assembly/files/hn191025.docx","https://www.ntassembly.ca/sites/assembly/files/hn191025.pdf"
"19th Assembly"," 0th Session","2019-10-24","https://www.ntassembly.ca/sites/assembly/files/tlc191024.docx","https://www.ntassembly.ca/sites/assembly/files/tlc191024.pdf"
"19th Assembly"," 0th Session","2019-10-18","https://www.ntassembly.ca/sites/assembly/files/tlc191018.docx","https://www.ntassembly.ca/sites/assembly/files/tlc191018.pdf"
"19th Assembly"," 0th Session","2019-10-9","https://www.ntassembly.ca/sites/assembly/files/rt191009_1.docx","https://www.ntassembly.ca/sites/assembly/files/rt191009_0.pdf"
"18th Assembly"," 3rd Session","2019-8-23","https://www.ntassembly.ca/sites/assembly/files/hn190823.docx","https://www.ntassembly.ca/sites/assembly/files/hn190823.pdf"
"18th Assembly"," 3rd Session","2019-8-22","https://www.ntassembly.ca/sites/assembly/files/hn190822.docx","https://www.ntassembly.ca/sites/assembly/files/hn190822.pdf"
"18th Assembly"," 3rd Session","2019-8-21","https://www.ntassembly.ca/sites/assembly/files/hn190821_0.docx","https://www.ntassembly.ca/sites/assembly/files/hn190821.pdf"
"18th Assembly"," 3rd Session","2019-8-20","https://www.ntassembly.ca/sites/assembly/files/hn190820.docx","https://www.ntassembly.ca/sites/assembly/files/hn190820.pdf"
"18th Assembly"," 3rd Session","2019-8-19","https://www.ntassembly.ca/sites/assembly/files/hn190819.docx","https://www.ntassembly.ca/sites/assembly/files/hn190819_0.pdf"
"18th Assembly"," 3rd Session","2019-8-16","https://www.ntassembly.ca/sites/assembly/files/hn190816_0.docx","https://www.ntassembly.ca/sites/assembly/files/hn190816.pdf"
"18th Assembly"," 3rd Session","2019-8-15","https://www.ntassembly.ca/sites/assembly/files/hn190815_0.docx","https://www.ntassembly.ca/sites/assembly/files/hn190815.pdf"
"18th Assembly"," 3rd Session","2019-8-14","https://www.ntassembly.ca/sites/assembly/files/hn190814_0.docx","https://www.ntassembly.ca/sites/assembly/files/hn190814.pdf"
"18th Assembly"," 3rd Session","2019-8-13","https://www.ntassembly.ca/sites/assembly/files/hn190813.docx","https://www.ntassembly.ca/sites/assembly/files/hn190813.pdf"
"18th Assembly"," 3rd Session","2019-8-12","https://www.ntassembly.ca/sites/assembly/files/hn190812.docx","https://www.ntassembly.ca/sites/assembly/files/hn190812.pdf"
"18th Assembly"," 3rd Session","2019-6-6","https://www.ntassembly.ca/sites/assembly/files/hn190606.docx","https://www.ntassembly.ca/sites/assembly/files/hn190606.pdf"
"18th Assembly"," 3rd Session","2019-6-5","https://www.ntassembly.ca/sites/assembly/files/hn190605_0.docx","https://www.ntassembly.ca/sites/assembly/files/hn190605.pdf"
"18th Assembly"," 3rd Session","2019-6-4","https://www.ntassembly.ca/sites/assembly/files/hn190604_3.docx","https://www.ntassembly.ca/sites/assembly/files/hn190604_3.pdf"
"18th Assembly"," 3rd Session","2019-5-30","https://www.ntassembly.ca/sites/assembly/files/hn190530.docx","https://www.ntassembly.ca/sites/assembly/files/hn190530.pdf"
"18th Assembly"," 3rd Session","2019-5-29","https://www.ntassembly.ca/sites/assembly/files/hn190529.docx","https://www.ntassembly.ca/sites/assembly/files/hn190529.pdf"
"18th Assembly"," 3rd Session","2019-5-28","https://www.ntassembly.ca/sites/assembly/files/hn190528.docx","https://www.ntassembly.ca/sites/assembly/files/hn190528.pdf"
"18th Assembly"," 3rd Session","2019-5-27","https://www.ntassembly.ca/sites/assembly/files/hn190527.docx","https://www.ntassembly.ca/sites/assembly/files/hn190527.pdf"
"18th Assembly"," 3rd Session","2019-5-24","https://www.ntassembly.ca/sites/assembly/files/hn190524.docx","https://www.ntassembly.ca/sites/assembly/files/hn190524.pdf"
"18th Assembly"," 3rd Session","2019-5-23","https://www.ntassembly.ca/sites/assembly/files/hn190523.docx","https://www.ntassembly.ca/sites/assembly/files/hn190523.pdf"
"18th Assembly"," 3rd Session","2019-3-14","https://www.ntassembly.ca/sites/assembly/files/hn190314.docx","https://www.ntassembly.ca/sites/assembly/files/hn190314.pdf"
"18th Assembly"," 3rd Session","2019-3-13","https://www.ntassembly.ca/sites/assembly/files/hn190313.docx","https://www.ntassembly.ca/sites/assembly/files/hn190313.pdf"
"18th Assembly"," 3rd Session","2019-3-12","https://www.ntassembly.ca/sites/assembly/files/hn190312.docx","https://www.ntassembly.ca/sites/assembly/files/hn190312.pdf"
"18th Assembly"," 3rd Session","2019-3-11","https://www.ntassembly.ca/sites/assembly/files/hn190311_0.docx","https://www.ntassembly.ca/sites/assembly/files/hn190311.pdf"
"18th Assembly"," 3rd Session","2019-3-8","https://www.ntassembly.ca/sites/assembly/files/hn190308.docx","https://www.ntassembly.ca/sites/assembly/files/hn190308.pdf"
"18th Assembly"," 3rd Session","2019-3-7","https://www.ntassembly.ca/sites/assembly/files/hn190307_0.docx","https://www.ntassembly.ca/sites/assembly/files/hn190307.pdf"
"18th Assembly"," 2nd Session","2017-10-4","https://www.ntassembly.ca/sites/assembly/files/hn171004_0.docx","https://www.ntassembly.ca/sites/assembly/files/hn171004.pdf"
"18th Assembly"," 2nd Session","2017-10-3","https://www.ntassembly.ca/sites/assembly/files/hn171003.docx","https://www.ntassembly.ca/sites/assembly/files/hn171003.pdf"
"18th Assembly"," 2nd Session","2017-9-28","https://www.ntassembly.ca/sites/assembly/files/hn170928_0.docx","https://www.ntassembly.ca/sites/assembly/files/hn170928.pdf"
"18th Assembly"," 2nd Session","2017-9-27","https://www.ntassembly.ca/sites/assembly/files/hn170927_0.docx","https://www.ntassembly.ca/sites/assembly/files/hn170927_0.pdf"
"18th Assembly"," 2nd Session","2017-9-26","https://www.ntassembly.ca/sites/assembly/files/hn170926_0.docx","https://www.ntassembly.ca/sites/assembly/files/hn170926.pdf"
"18th Assembly"," 2nd Session","2017-9-25","https://www.ntassembly.ca/sites/assembly/files/hn170925_0.docx","https://www.ntassembly.ca/sites/assembly/files/hn170925.pdf"
"18th Assembly"," 2nd Session","2017-9-22","https://www.ntassembly.ca/sites/assembly/files/hn170922.docx","https://www.ntassembly.ca/sites/assembly/files/hn170922.pdf"
"18th Assembly"," 2nd Session","2017-9-21","https://www.ntassembly.ca/sites/assembly/files/hn170921.docx","https://www.ntassembly.ca/sites/assembly/files/hn170921.pdf"
"18th Assembly"," 2nd Session","2017-9-20","https://www.ntassembly.ca/sites/assembly/files/hn170920.docx","https://www.ntassembly.ca/sites/assembly/files/hn170920.pdf"
"18th Assembly"," 2nd Session","2017-9-19","https://www.ntassembly.ca/sites/assembly/files/hn170919.docx","https://www.ntassembly.ca/sites/assembly/files/hn170919.pdf"
"18th Assembly"," 2nd Session","2017-6-2","https://www.ntassembly.ca/sites/assembly/files/hn170602_0.docx","https://www.ntassembly.ca/sites/assembly/files/hn170602_0.pdf"
"18th Assembly"," 2nd Session","2017-6-1","https://www.ntassembly.ca/sites/assembly/files/hn170601_0.docx","https://www.ntassembly.ca/sites/assembly/files/hn170601.pdf"
"18th Assembly"," 2nd Session","2017-5-31","https://www.ntassembly.ca/sites/assembly/files/hn170531_0.docx","https://www.ntassembly.ca/sites/assembly/files/hn170531.pdf"
"18th Assembly"," 2nd Session","2017-5-30","https://www.ntassembly.ca/sites/assembly/files/hn170530_0.docx","https://www.ntassembly.ca/sites/assembly/files/hn170530_0.pdf"
"18th Assembly"," 2nd Session","2017-5-29","https://www.ntassembly.ca/sites/assembly/files/hn170529.docx","https://www.ntassembly.ca/sites/assembly/files/hn170529_0.pdf"
"18th Assembly"," 2nd Session","2017-5-26","https://www.ntassembly.ca/sites/assembly/files/hn170526.docx","https://www.ntassembly.ca/sites/assembly/files/hn170526.pdf"
"18th Assembly"," 2nd Session","2017-5-25","https://www.ntassembly.ca/sites/assembly/files/hn170525.docx","https://www.ntassembly.ca/sites/assembly/files/hn170525.pdf"
"18th Assembly"," 2nd Session","2017-3-10","https://www.ntassembly.ca/sites/assembly/files/hn170310_0.docx","https://www.ntassembly.ca/sites/assembly/files/hn170310_0.pdf"
"18th Assembly"," 2nd Session","2017-3-9","https://www.ntassembly.ca/sites/assembly/files/hn170309_0.docx","https://www.ntassembly.ca/sites/assembly/files/hn170309_0.pdf"
"18th Assembly"," 2nd Session","2017-3-8","https://www.ntassembly.ca/sites/assembly/files/hn170308_1.docx","https://www.ntassembly.ca/sites/assembly/files/hn170308_0.pdf"
"18th Assembly"," 2nd Session","2017-3-7","https://www.ntassembly.ca/sites/assembly/files/hn170307_0.docx","https://www.ntassembly.ca/sites/assembly/files/hn170307_0.pdf"
"18th Assembly"," 2nd Session","2017-3-6","https://www.ntassembly.ca/sites/assembly/files/hn170306.docx","https://www.ntassembly.ca/sites/assembly/files/hn170306.pdf"
"18th Assembly"," 2nd Session","2017-3-3","https://www.ntassembly.ca/sites/assembly/files/hn170303_0.docx","https://www.ntassembly.ca/sites/assembly/files/hn170303_0.pdf"
"18th Assembly"," 2nd Session","2017-3-2","https://www.ntassembly.ca/sites/assembly/files/hn170302.docx","https://www.ntassembly.ca/sites/assembly/files/hn170302.pdf"
"18th Assembly"," 2nd Session","2017-3-1","https://www.ntassembly.ca/sites/assembly/files/hn170301_0.docx","https://www.ntassembly.ca/sites/assembly/files/hn170301.pdf"
"18th Assembly"," 1st Session","2015-12-17","https://www.ntassembly.ca/sites/assembly/files/hn151217_0.docx","https://www.ntassembly.ca/sites/assembly/files/hn151217.pdf"
"18th Assembly"," 0th Session","2015-12-16","https://www.ntassembly.ca/sites/assembly/files/tlc151216_0.docx","https://www.ntassembly.ca/sites/assembly/files/tlc151216_0.pdf"
"18th Assembly"," 0th Session","2015-12-14","https://www.ntassembly.ca/sites/assembly/files/rt151214_0.docx","https://www.ntassembly.ca/sites/assembly/files/rt151214_0.pdf"
"17th Assembly"," 5th Session","2015-10-8","https://www.ntassembly.ca/sites/assembly/files/hn151008_0.docx","https://www.ntassembly.ca/sites/assembly/files/hn151008.pdf"
"17th Assembly"," 5th Session","2015-10-7","https://www.ntassembly.ca/sites/assembly/files/hn151007.docx","https://www.ntassembly.ca/sites/assembly/files/hn151007_0.pdf"
"17th Assembly"," 5th Session","2015-10-6","https://www.ntassembly.ca/sites/assembly/files/hn151006_0.docx","https://www.ntassembly.ca/sites/assembly/files/hn151006.pdf"
"17th Assembly"," 5th Session","2015-10-5","https://www.ntassembly.ca/sites/assembly/files/hn151005_0.docx","https://www.ntassembly.ca/sites/assembly/files/hn151005_0.pdf"
"17th Assembly"," 5th Session","2015-10-2","https://www.ntassembly.ca/sites/assembly/files/hn151002.docx","https://www.ntassembly.ca/sites/assembly/files/hn151002.pdf"
"17th Assembly"," 5th Session","2015-10-1","https://www.ntassembly.ca/sites/assembly/files/hn151001.docx","https://www.ntassembly.ca/sites/assembly/files/hn151001.pdf"
"17th Assembly"," 5th Session","2015-9-30","https://www.ntassembly.ca/sites/assembly/files/hn150930_0.docx","https://www.ntassembly.ca/sites/assembly/files/hn150930.pdf"
"17th Assembly"," 5th Session","2015-9-29","https://www.ntassembly.ca/sites/assembly/files/hn150929.docx","https://www.ntassembly.ca/sites/assembly/files/hn150929.pdf"
"17th Assembly"," 5th Session","2015-6-4","https://www.ntassembly.ca/sites/assembly/files/hn150604_0.docx","https://www.ntassembly.ca/sites/assembly/files/hn150604.pdf"
"17th Assembly"," 5th Session","2015-6-3","https://www.ntassembly.ca/sites/assembly/files/hn150603_0.docx","https://www.ntassembly.ca/sites/assembly/files/hn150603.pdf"
"17th Assembly"," 5th Session","2015-6-2","https://www.ntassembly.ca/sites/assembly/files/hn150602_0.docx","https://www.ntassembly.ca/sites/assembly/files/hn150602.pdf"
"17th Assembly"," 5th Session","2015-6-1","https://www.ntassembly.ca/sites/assembly/files/hn150601_0.docx","https://www.ntassembly.ca/sites/assembly/files/hn150601.pdf"
"17th Assembly"," 5th Session","2015-5-29","https://www.ntassembly.ca/sites/assembly/files/hn150529.docx","https://www.ntassembly.ca/sites/assembly/files/hn150529.pdf"
"17th Assembly"," 5th Session","2015-5-28","https://www.ntassembly.ca/sites/assembly/files/hn150528_0.docx","https://www.ntassembly.ca/sites/assembly/files/hn150528.pdf"
"17th Assembly"," 5th Session","2015-5-27","https://www.ntassembly.ca/sites/assembly/files/hn150527_0.docx","https://www.ntassembly.ca/sites/assembly/files/hn150527.pdf"
"17th Assembly"," 5th Session","2015-3-12","https://www.ntassembly.ca/sites/assembly/files/hn150312.docx","https://www.ntassembly.ca/sites/assembly/files/hn150312.pdf"
"17th Assembly"," 5th Session","2015-3-11","https://www.ntassembly.ca/sites/assembly/files/hn150311_0.docx","https://www.ntassembly.ca/sites/assembly/files/hn150311.pdf"
"17th Assembly"," 5th Session","2015-3-10","https://www.ntassembly.ca/sites/assembly/files/hn150310_0.docx","https://www.ntassembly.ca/sites/assembly/files/hn150310.pdf"
"17th Assembly"," 5th Session","2015-3-9","https://www.ntassembly.ca/sites/assembly/files/hn150309_0.docx","https://www.ntassembly.ca/sites/assembly/files/hn150309.pdf"
"17th Assembly"," 5th Session","2015-3-6","https://www.ntassembly.ca/sites/assembly/files/hn150306_0.docx","https://www.ntassembly.ca/sites/assembly/files/hn150306.pdf"
"17th Assembly"," 5th Session","2015-3-5","https://www.ntassembly.ca/sites/assembly/files/hn150305_0.docx","https://www.ntassembly.ca/sites/assembly/files/hn150305.pdf"
"17th Assembly"," 5th Session","2015-3-4","https://www.ntassembly.ca/sites/assembly/files/hn150304.docx","https://www.ntassembly.ca/sites/assembly/files/hn150304.pdf"
"17th Assembly"," 5th Session","2015-3-3","https://www.ntassembly.ca/sites/assembly/files/hn150303_1.docx","https://www.ntassembly.ca/sites/assembly/files/hn150303.pdf"
"17th Assembly"," 5th Session","2015-3-2","https://www.ntassembly.ca/sites/assembly/files/hn150302.docx","https://www.ntassembly.ca/sites/assembly/files/hn150302.pdf"
"17th Assembly"," 5th Session","2015-2-26","https://www.ntassembly.ca/sites/assembly/files/hn150226.docx","https://www.ntassembly.ca/sites/assembly/files/hn150226.pdf"
"17th Assembly"," 4th Session","2013-11-1","https://www.ntassembly.ca/sites/assembly/files/hn131101.docx","https://www.ntassembly.ca/sites/assembly/files/hn131101.pdf"
"17th Assembly"," 4th Session","2013-10-31","https://www.ntassembly.ca/sites/assembly/files/hn131031.docx","https://www.ntassembly.ca/sites/assembly/files/hn131031.pdf"
"17th Assembly"," 4th Session","2013-10-30","https://www.ntassembly.ca/sites/assembly/files/hn131030.docx","https://www.ntassembly.ca/sites/assembly/files/hn131030.pdf"
"17th Assembly"," 4th Session","2013-10-29","https://www.ntassembly.ca/sites/assembly/files/hn131029.docx","https://www.ntassembly.ca/sites/assembly/files/hn131029.pdf"
"17th Assembly"," 4th Session","2013-10-28","https://www.ntassembly.ca/sites/assembly/files/hn131028_0_0.docx","https://www.ntassembly.ca/sites/assembly/files/hn131028.pdf"
"17th Assembly"," 4th Session","2013-10-24","https://www.ntassembly.ca/sites/assembly/files/hn131024_0.docx","https://www.ntassembly.ca/sites/assembly/files/hn131024.pdf"
"17th Assembly"," 4th Session","2013-10-23","https://www.ntassembly.ca/sites/assembly/files/hn131023_0.docx","https://www.ntassembly.ca/sites/assembly/files/hn131023.pdf"
"17th Assembly"," 4th Session","2013-10-22","https://www.ntassembly.ca/sites/assembly/files/hn131022_0.docx","https://www.ntassembly.ca/sites/assembly/files/hn131022.pdf"
"17th Assembly"," 4th Session","2013-10-21","https://www.ntassembly.ca/sites/assembly/files/hn131021_0.docx","https://www.ntassembly.ca/sites/assembly/files/hn131021.pdf"
"17th Assembly"," 4th Session","2013-10-18","https://www.ntassembly.ca/sites/assembly/files/hn131018.docx","https://www.ntassembly.ca/sites/assembly/files/hn131018.pdf"
"17th Assembly"," 4th Session","2013-10-17","https://www.ntassembly.ca/sites/assembly/files/hn131017_2.docx","https://www.ntassembly.ca/sites/assembly/files/hn131017.pdf"
"17th Assembly"," 4th Session","2013-6-6","https://www.ntassembly.ca/sites/assembly/files/hn130606_0.docx","https://www.ntassembly.ca/sites/assembly/files/hn130606.pdf"
"17th Assembly"," 4th Session","2013-6-5","https://www.ntassembly.ca/sites/assembly/files/hn130605.docx","https://www.ntassembly.ca/sites/assembly/files/hn130605.pdf"
"17th Assembly"," 4th Session","2013-6-4","https://www.ntassembly.ca/sites/assembly/files/hn130604.docx","https://www.ntassembly.ca/sites/assembly/files/hn130604.pdf"
"17th Assembly"," 4th Session","2013-6-3","https://www.ntassembly.ca/sites/assembly/files/hn130603.docx","https://www.ntassembly.ca/sites/assembly/files/hn130603.pdf"
"17th Assembly"," 4th Session","2013-5-31","https://www.ntassembly.ca/sites/assembly/files/hn130531.docx","https://www.ntassembly.ca/sites/assembly/files/hn130531.pdf"
"17th Assembly"," 4th Session","2013-5-30","https://www.ntassembly.ca/sites/assembly/files/hn130530.docx","https://www.ntassembly.ca/sites/assembly/files/hn130530.pdf"
"17th Assembly"," 4th Session","2013-5-29","https://www.ntassembly.ca/sites/assembly/files/hn130529.docx","https://www.ntassembly.ca/sites/assembly/files/hn130529.pdf"
"17th Assembly"," 4th Session","2013-3-14","https://www.ntassembly.ca/sites/assembly/files/hn130314.docx","https://www.ntassembly.ca/sites/assembly/files/hn130314.pdf"
"17th Assembly"," 4th Session","2013-3-13","https://www.ntassembly.ca/sites/assembly/files/hn130313.docx","https://www.ntassembly.ca/sites/assembly/files/hn130313.pdf"
"17th Assembly"," 4th Session","2013-3-12","https://www.ntassembly.ca/sites/assembly/files/hn130312.docx","https://www.ntassembly.ca/sites/assembly/files/hn130312.pdf"
"17th Assembly"," 4th Session","2013-3-11","https://www.ntassembly.ca/sites/assembly/files/hn130311.docx","https://www.ntassembly.ca/sites/assembly/files/hn130311.pdf"
"17th Assembly"," 4th Session","2013-3-8","https://www.ntassembly.ca/sites/assembly/files/hn130308.docx","https://www.ntassembly.ca/sites/assembly/files/hn130308.pdf"
"17th Assembly"," 4th Session","2013-3-7","https://www.ntassembly.ca/sites/assembly/files/hn130307.docx","https://www.ntassembly.ca/sites/assembly/files/hn130307.pdf"
"17th Assembly"," 4th Session","2013-3-6","https://www.ntassembly.ca/sites/assembly/files/hn130306_0.docx","https://www.ntassembly.ca/sites/assembly/files/hn130306.pdf"
"17th Assembly"," 3rd Session","2012-11-6","https://www.ntassembly.ca/sites/assembly/files/hn121106.docx","https://www.ntassembly.ca/sites/assembly/files/hn121106.pdf"
"17th Assembly"," 3rd Session","2012-11-5","https://www.ntassembly.ca/sites/assembly/files/hn121105.docx","https://www.ntassembly.ca/sites/assembly/files/hn121105.pdf"
"17th Assembly"," 3rd Session","2012-11-2","https://www.ntassembly.ca/sites/assembly/files/hn121102.docx","https://www.ntassembly.ca/sites/assembly/files/hn121102.pdf"
"17th Assembly"," 3rd Session","2012-11-1","https://www.ntassembly.ca/sites/assembly/files/hn121101.docx","https://www.ntassembly.ca/sites/assembly/files/hn121101.pdf"
"17th Assembly"," 3rd Session","2012-10-31","https://www.ntassembly.ca/sites/assembly/files/hn121031_0.docx","https://www.ntassembly.ca/sites/assembly/files/hn121031.pdf"
"17th Assembly"," 3rd Session","2012-10-30","https://www.ntassembly.ca/sites/assembly/files/hn121030.docx","https://www.ntassembly.ca/sites/assembly/files/hn121030.pdf"
"17th Assembly"," 3rd Session","2012-10-29","https://www.ntassembly.ca/sites/assembly/files/hn121029.docx","https://www.ntassembly.ca/sites/assembly/files/hn121029.pdf"
"17th Assembly"," 3rd Session","2012-10-25","https://www.ntassembly.ca/sites/assembly/files/hn121025.docx","https://www.ntassembly.ca/sites/assembly/files/hn121025.pdf"
"17th Assembly"," 3rd Session","2012-10-23","https://www.ntassembly.ca/sites/assembly/files/hn121023.docx","https://www.ntassembly.ca/sites/assembly/files/hn121023.pdf"
"17th Assembly"," 3rd Session","2012-10-22","https://www.ntassembly.ca/sites/assembly/files/hn121022.docx","https://www.ntassembly.ca/sites/assembly/files/hn121022.pdf"
"17th Assembly"," 3rd Session","2012-10-19","https://www.ntassembly.ca/sites/assembly/files/hn121019.docx","https://www.ntassembly.ca/sites/assembly/files/hn121019.pdf"
"17th Assembly"," 3rd Session","2012-10-18","https://www.ntassembly.ca/sites/assembly/files/hn121018.docx","https://www.ntassembly.ca/sites/assembly/files/hn121018.pdf"
"17th Assembly"," 3rd Session","2012-10-17","https://www.ntassembly.ca/sites/assembly/files/hn121017.docx","https://www.ntassembly.ca/sites/assembly/files/hn121017.pdf"
"17th Assembly"," 3rd Session","2012-6-14","https://www.ntassembly.ca/sites/assembly/files/hn120614_0.docx","https://www.ntassembly.ca/sites/assembly/files/hn120614.pdf"
"17th Assembly"," 3rd Session","2012-6-13","https://www.ntassembly.ca/sites/assembly/files/hn120613.docx","https://www.ntassembly.ca/sites/assembly/files/hn120613.pdf"
"17th Assembly"," 3rd Session","2012-6-12","https://www.ntassembly.ca/sites/assembly/files/hn120612.docx","https://www.ntassembly.ca/sites/assembly/files/hn120612.pdf"
"17th Assembly"," 3rd Session","2012-6-11","https://www.ntassembly.ca/sites/assembly/files/hn120611.docx","https://www.ntassembly.ca/sites/assembly/files/hn120611.pdf"
"17th Assembly"," 3rd Session","2012-6-8","https://www.ntassembly.ca/sites/assembly/files/hn120608.docx","https://www.ntassembly.ca/sites/assembly/files/hn120608.pdf"
"17th Assembly"," 3rd Session","2012-6-7","https://www.ntassembly.ca/sites/assembly/files/hn120607.docx","https://www.ntassembly.ca/sites/assembly/files/hn120607.pdf"
"17th Assembly"," 3rd Session","2012-6-6","https://www.ntassembly.ca/sites/assembly/files/hn120606.docx","https://www.ntassembly.ca/sites/assembly/files/hn120606.pdf"
"17th Assembly"," 3rd Session","2012-6-5","https://www.ntassembly.ca/sites/assembly/files/hn120605.docx","https://www.ntassembly.ca/sites/assembly/files/hn120605.pdf"
"17th Assembly"," 3rd Session","2012-6-4","https://www.ntassembly.ca/sites/assembly/files/hn120604.docx","https://www.ntassembly.ca/sites/assembly/files/hn120604.pdf"
"17th Assembly"," 3rd Session","2012-5-31","https://www.ntassembly.ca/sites/assembly/files/hn120531.docx","https://www.ntassembly.ca/sites/assembly/files/hn120531.pdf"
"17th Assembly"," 3rd Session","2012-5-30","https://www.ntassembly.ca/sites/assembly/files/hn120530.docx","https://www.ntassembly.ca/sites/assembly/files/hn120530.pdf"
"17th Assembly"," 3rd Session","2012-5-29","https://www.ntassembly.ca/sites/assembly/files/hn120529.docx","https://www.ntassembly.ca/sites/assembly/files/hn120529.pdf"
"17th Assembly"," 2nd Session","2012-2-17","https://www.ntassembly.ca/sites/assembly/files/hn120217_0.docx","https://www.ntassembly.ca/sites/assembly/files/hn120217_0.pdf"
"17th Assembly"," 2nd Session","2012-2-16","https://www.ntassembly.ca/sites/assembly/files/hn120216.docx","https://www.ntassembly.ca/sites/assembly/files/hn120216.pdf"
"17th Assembly"," 2nd Session","2012-2-15","https://www.ntassembly.ca/sites/assembly/files/hn120215.docx","https://www.ntassembly.ca/sites/assembly/files/hn120215.pdf"
"17th Assembly"," 2nd Session","2012-2-14","https://www.ntassembly.ca/sites/assembly/files/hn120214.docx","https://www.ntassembly.ca/sites/assembly/files/hn120214.pdf"
"17th Assembly"," 2nd Session","2012-2-13","https://www.ntassembly.ca/sites/assembly/files/hn120213.docx","https://www.ntassembly.ca/sites/assembly/files/hn120213.pdf"
"17th Assembly"," 2nd Session","2012-2-10","https://www.ntassembly.ca/sites/assembly/files/hn120210.docx","https://www.ntassembly.ca/sites/assembly/files/hn120210.pdf"
"17th Assembly"," 2nd Session","2012-2-9","https://www.ntassembly.ca/sites/assembly/files/hn120209.docx","https://www.ntassembly.ca/sites/assembly/files/hn120209.pdf"
"17th Assembly"," 2nd Session","2012-2-8","https://www.ntassembly.ca/sites/assembly/files/hn120208.docx","https://www.ntassembly.ca/sites/assembly/files/hn120208.pdf"
"17th Assembly"," 2nd Session","2012-2-7","https://www.ntassembly.ca/sites/assembly/files/hn120207.docx","https://www.ntassembly.ca/sites/assembly/files/hn120207.pdf"
"17th Assembly"," 1st Session","2011-12-15","https://www.ntassembly.ca/sites/assembly/files/hn111215.docx","https://www.ntassembly.ca/sites/assembly/files/day_9_-_december_15_2011.pdf"
"17th Assembly"," 1st Session","2011-12-14","https://www.ntassembly.ca/sites/assembly/files/hn111214.docx","https://www.ntassembly.ca/sites/assembly/files/day_8_-_december_14_2011.pdf"
"17th Assembly"," 1st Session","2011-12-13","https://www.ntassembly.ca/sites/assembly/files/hn111213.docx","https://www.ntassembly.ca/sites/assembly/files/day_7_-_december_13_2011.pdf"
"17th Assembly"," 1st Session","2011-12-12","https://www.ntassembly.ca/sites/assembly/files/hn111212.docx","https://www.ntassembly.ca/sites/assembly/files/day_6_-_december_12_2011.pdf"
"17th Assembly"," 1st Session","2011-12-9","https://www.ntassembly.ca/sites/assembly/files/hn111209.docx","https://www.ntassembly.ca/sites/assembly/files/day_5_-_december_9_2011.pdf"
"17th Assembly"," 1st Session","2011-12-8","https://www.ntassembly.ca/sites/assembly/files/hn111208.docx","https://www.ntassembly.ca/sites/assembly/files/day_4_-_december_8_2011.pdf"
"17th Assembly"," 1st Session","2011-12-7","https://www.ntassembly.ca/sites/assembly/files/hn111207.docx","https://www.ntassembly.ca/sites/assembly/files/day_3_-_december_7_2011.pdf"
"17th Assembly"," 1st Session","2011-10-28","https://www.ntassembly.ca/sites/assembly/files/hn111028.docx","https://www.ntassembly.ca/sites/assembly/files/day_2_-_october_28_2011.pdf"
"17th Assembly"," 1st Session","2011-10-27","https://www.ntassembly.ca/sites/assembly/files/hn111027.docx","https://www.ntassembly.ca/sites/assembly/files/day_1_-_october_27_2011.pdf"
"16th Assembly"," 6th Session","2011-8-25","https://www.ntassembly.ca/sites/assembly/files/hn110825_0.docx","https://www.ntassembly.ca/sites/assembly/files/hn110825.pdf"
"16th Assembly"," 6th Session","2011-8-24","https://www.ntassembly.ca/sites/assembly/files/hn110824.docx","https://www.ntassembly.ca/sites/assembly/files/hn110824.pdf"
"16th Assembly"," 6th Session","2011-8-23","https://www.ntassembly.ca/sites/assembly/files/hn110823_0.docx",""
"16th Assembly"," 6th Session","2011-8-22","https://www.ntassembly.ca/sites/assembly/files/hn110822_0.docx",""
"16th Assembly"," 6th Session","2011-8-19","https://www.ntassembly.ca/sites/assembly/files/hn110819_0.docx",""
"16th Assembly"," 6th Session","2011-8-18","https://www.ntassembly.ca/sites/assembly/files/hn110818_0.docx",""
"16th Assembly"," 6th Session","2011-8-17","https://www.ntassembly.ca/sites/assembly/files/hn110817_0.docx",""
"16th Assembly"," 6th Session","2011-5-19","https://www.ntassembly.ca/sites/assembly/files/hn110519_0.docx",""
"16th Assembly"," 6th Session","2011-5-18","https://www.ntassembly.ca/sites/assembly/files/hn110518_0.docx",""
"16th Assembly"," 6th Session","2011-5-18","https://www.ntassembly.ca/sites/assembly/files/hn110518_0.docx",""
"16th Assembly"," 6th Session","2011-5-17","https://www.ntassembly.ca/sites/assembly/files/hn110517_0.docx",""
"16th Assembly"," 6th Session","2011-5-16","https://www.ntassembly.ca/sites/assembly/files/hn110516_0.docx",""
"16th Assembly"," 6th Session","2011-5-13","https://www.ntassembly.ca/sites/assembly/files/hn110513_0.docx",""
"16th Assembly"," 6th Session","2011-5-12","https://www.ntassembly.ca/sites/assembly/files/hn110512_2.docx","https://www.ntassembly.ca/sites/assembly/files/hn110512.pdf"
"16th Assembly"," 6th Session","2011-5-11","https://www.ntassembly.ca/sites/assembly/files/hn110511_0.docx",""
"16th Assembly"," 6th Session","2011-3-10","https://www.ntassembly.ca/sites/assembly/files/hn110310.docx","https://www.ntassembly.ca/sites/assembly/files/hn110310.pdf"
"16th Assembly"," 6th Session","2011-3-9","https://www.ntassembly.ca/sites/assembly/files/hn110309.docx","https://www.ntassembly.ca/sites/assembly/files/hn110309.pdf"
"16th Assembly"," 6th Session","2011-3-8","https://www.ntassembly.ca/sites/assembly/files/hn110308.docx","https://www.ntassembly.ca/sites/assembly/files/hn110308.pdf"
"16th Assembly"," 6th Session","2011-3-7","https://www.ntassembly.ca/sites/assembly/files/hn110307.docx","https://www.ntassembly.ca/sites/assembly/files/hn110307.pdf"
"16th Assembly"," 5th Session","2011-3-4","https://www.ntassembly.ca/sites/assembly/files/hn110304.docx","https://www.ntassembly.ca/sites/assembly/files/hn110304_.pdf"
"16th Assembly"," 5th Session","2011-3-3","https://www.ntassembly.ca/sites/assembly/files/hn110303_0.docx",""
"16th Assembly"," 5th Session","2011-3-2","https://www.ntassembly.ca/sites/assembly/files/hn110302.docx","https://www.ntassembly.ca/sites/assembly/files/hn110302.pdf"
"16th Assembly"," 5th Session","2011-3-1","https://www.ntassembly.ca/sites/assembly/files/hn110301_0.docx",""
"16th Assembly"," 5th Session","2011-2-28","https://www.ntassembly.ca/sites/assembly/files/hn110228_0.docx",""
"16th Assembly"," 5th Session","2011-2-24","https://www.ntassembly.ca/sites/assembly/files/hn110224.docx","https://www.ntassembly.ca/sites/assembly/files/hn110224.pdf"
"16th Assembly"," 5th Session","2011-2-23","https://www.ntassembly.ca/sites/assembly/files/hn110223_0.docx",""
"16th Assembly"," 5th Session","2011-2-22","https://www.ntassembly.ca/sites/assembly/files/hn110222_0.docx",""
"16th Assembly"," 5th Session","2011-2-21","https://www.ntassembly.ca/sites/assembly/files/hn110221_0.docx",""
"16th Assembly"," 5th Session","2011-2-18","https://www.ntassembly.ca/sites/assembly/files/hn110218_0.docx",""
"16th Assembly"," 5th Session","2011-2-17","https://www.ntassembly.ca/sites/assembly/files/hn110217_0.docx",""
"16th Assembly"," 5th Session","2011-2-16","https://www.ntassembly.ca/sites/assembly/files/hn110216_0.docx",""
"16th Assembly"," 5th Session","2011-2-15","https://www.ntassembly.ca/sites/assembly/files/hn110215.docx","https://www.ntassembly.ca/sites/assembly/files/hn110215_0.pdf"
"16th Assembly"," 5th Session","2011-2-14","https://www.ntassembly.ca/sites/assembly/files/hn110214.docx","https://www.ntassembly.ca/sites/assembly/files/hn110214.pdf"
"16th Assembly"," 5th Session","2011-2-10","https://www.ntassembly.ca/sites/assembly/files/hn110210.docx","https://www.ntassembly.ca/sites/assembly/files/hn110210.pdf"
"16th Assembly"," 5th Session","2011-2-9","https://www.ntassembly.ca/sites/assembly/files/hn110209.docx","https://www.ntassembly.ca/sites/assembly/files/hn110209.pdf"
"16th Assembly"," 5th Session","2011-2-8","https://www.ntassembly.ca/sites/assembly/files/hn110208_0.docx",""
"16th Assembly"," 5th Session","2011-2-7","https://www.ntassembly.ca/sites/assembly/files/hn110207_0.docx",""
"16th Assembly"," 5th Session","2011-2-4","https://www.ntassembly.ca/sites/assembly/files/hn110204.docx","https://www.ntassembly.ca/sites/assembly/files/hn110204.pdf"
"16th Assembly"," 5th Session","2011-2-3","https://www.ntassembly.ca/sites/assembly/files/hn110203.docx","https://www.ntassembly.ca/sites/assembly/files/hn110203.pdf"
"16th Assembly"," 5th Session","2011-2-2","https://www.ntassembly.ca/sites/assembly/files/hn110202.docx","https://www.ntassembly.ca/sites/assembly/files/hn110202.pdf"
"16th Assembly"," 5th Session","2010-11-4","https://www.ntassembly.ca/sites/assembly/files/hn101104.docx","https://www.ntassembly.ca/sites/assembly/files/hn101104.pdf"
"16th Assembly"," 5th Session","2010-11-3","https://www.ntassembly.ca/sites/assembly/files/hn101103.docx","https://www.ntassembly.ca/sites/assembly/files/hn101103.pdf"
"16th Assembly"," 5th Session","2010-11-2","https://www.ntassembly.ca/sites/assembly/files/hn101102.docx","https://www.ntassembly.ca/sites/assembly/files/hn101102.pdf"
"16th Assembly"," 5th Session","2010-11-1","https://www.ntassembly.ca/sites/assembly/files/hn101101.docx","https://www.ntassembly.ca/sites/assembly/files/hn101101.pdf"
"16th Assembly"," 4th Session","2010-2-26","https://www.ntassembly.ca/sites/assembly/files/hn100226.docx","https://www.ntassembly.ca/sites/assembly/files/hn100226.pdf"
"16th Assembly"," 4th Session","2010-2-25","https://www.ntassembly.ca/sites/assembly/files/hn100225.docx","https://www.ntassembly.ca/sites/assembly/files/hn100225.pdf"
"16th Assembly"," 4th Session","2010-2-24","https://www.ntassembly.ca/sites/assembly/files/hn100224.docx","https://www.ntassembly.ca/sites/assembly/files/hn100224.pdf"
"16th Assembly"," 4th Session","2010-2-23","https://www.ntassembly.ca/sites/assembly/files/hn100223.docx","https://www.ntassembly.ca/sites/assembly/files/hn100223.pdf"
"16th Assembly"," 4th Session","2010-2-22","https://www.ntassembly.ca/sites/assembly/files/hn100222.docx","https://www.ntassembly.ca/sites/assembly/files/hn100222.pdf"
"16th Assembly"," 4th Session","2010-2-18","https://www.ntassembly.ca/sites/assembly/files/hn100218.docx","https://www.ntassembly.ca/sites/assembly/files/hn100218.pdf"
"16th Assembly"," 4th Session","2010-2-17","https://www.ntassembly.ca/sites/assembly/files/hn100217_0.docx",""
"16th Assembly"," 4th Session","2010-2-16","https://www.ntassembly.ca/sites/assembly/files/hn100216_0.docx",""
"16th Assembly"," 4th Session","2010-2-15","https://www.ntassembly.ca/sites/assembly/files/hn100215_0.docx",""
"16th Assembly"," 4th Session","2010-2-12","https://www.ntassembly.ca/sites/assembly/files/hn100212_0.docx",""
"16th Assembly"," 4th Session","2010-2-11","https://www.ntassembly.ca/sites/assembly/files/hn100211_0.docx",""
"16th Assembly"," 4th Session","2010-2-10","https://www.ntassembly.ca/sites/assembly/files/hn100210_0.docx",""
"16th Assembly"," 4th Session","2010-2-9","https://www.ntassembly.ca/sites/assembly/files/hn100209_0.docx",""
"16th Assembly"," 4th Session","2010-2-8","https://www.ntassembly.ca/sites/assembly/files/hn100208_0.docx",""
"16th Assembly"," 4th Session","2010-2-4","https://www.ntassembly.ca/sites/assembly/files/hn100204_0.docx",""
"16th Assembly"," 4th Session","2010-2-3","https://www.ntassembly.ca/sites/assembly/files/hn100203_0.docx",""
"16th Assembly"," 4th Session","2010-2-2","https://www.ntassembly.ca/sites/assembly/files/hn100202_0.docx",""
"16th Assembly"," 4th Session","2010-2-1","https://www.ntassembly.ca/sites/assembly/files/hn100201_0.docx",""
"16th Assembly"," 4th Session","2010-2-1","https://www.ntassembly.ca/sites/assembly/files/hn100201_1.docx","https://www.ntassembly.ca/sites/assembly/files/hn100201_0.pdf"
"16th Assembly"," 4th Session","2010-1-29","https://www.ntassembly.ca/sites/assembly/files/hn100129_0.docx",""
"16th Assembly"," 4th Session","2010-1-28","https://www.ntassembly.ca/sites/assembly/files/hn100128_0.docx",""
"16th Assembly"," 4th Session","2010-1-27","https://www.ntassembly.ca/sites/assembly/files/hn100127_0.docx",""
"16th Assembly"," 4th Session","2009-11-5","https://www.ntassembly.ca/sites/assembly/files/hn091105_0.docx","https://www.ntassembly.ca/sites/assembly/files/hn091105.pdf"
"16th Assembly"," 4th Session","2009-11-4","https://www.ntassembly.ca/sites/assembly/files/hn091104_0.docx","https://www.ntassembly.ca/sites/assembly/files/hn091104.pdf"
"16th Assembly"," 4th Session","2009-11-3","https://www.ntassembly.ca/sites/assembly/files/hn091103_0.docx","https://www.ntassembly.ca/sites/assembly/files/hn091103.pdf"
"16th Assembly"," 3rd Session","2009-6-4","https://www.ntassembly.ca/sites/assembly/files/hn090604.docx","https://www.ntassembly.ca/sites/assembly/files/hn090604.pdf"
"16th Assembly"," 3rd Session","2009-6-3","https://www.ntassembly.ca/sites/assembly/files/hn090603.docx","https://www.ntassembly.ca/sites/assembly/files/hn090603.pdf"
"16th Assembly"," 3rd Session","2009-6-2","https://www.ntassembly.ca/sites/assembly/files/hn090602.docx","https://www.ntassembly.ca/sites/assembly/files/hn090602.pdf"
"16th Assembly"," 3rd Session","2009-6-1","https://www.ntassembly.ca/sites/assembly/files/hn090601_0.docx",""
"16th Assembly"," 3rd Session","2009-5-29","https://www.ntassembly.ca/sites/assembly/files/hn090529.docx","https://www.ntassembly.ca/sites/assembly/files/hn090529.pdf"
"16th Assembly"," 3rd Session","2009-5-28","https://www.ntassembly.ca/sites/assembly/files/hn090528.docx","https://www.ntassembly.ca/sites/assembly/files/hn090528.pdf"
"16th Assembly"," 3rd Session","2009-5-27","https://www.ntassembly.ca/sites/assembly/files/hn090527.docx","https://www.ntassembly.ca/sites/assembly/files/hn090527.pdf"
"16th Assembly"," 3rd Session","2009-3-12","https://www.ntassembly.ca/sites/assembly/files/hn090312.docx","https://www.ntassembly.ca/sites/assembly/files/hn090312.pdf"
"16th Assembly"," 3rd Session","2009-3-11","https://www.ntassembly.ca/sites/assembly/files/hn090311_0.docx",""
"16th Assembly"," 3rd Session","2009-3-10","https://www.ntassembly.ca/sites/assembly/files/hn090310.docx","https://www.ntassembly.ca/sites/assembly/files/hn090310.pdf"
"16th Assembly"," 3rd Session","2009-3-6","https://www.ntassembly.ca/sites/assembly/files/hn090306.docx","https://www.ntassembly.ca/sites/assembly/files/hn090306.pdf"
"16th Assembly"," 3rd Session","2009-3-5","https://www.ntassembly.ca/sites/assembly/files/hn090305.docx","https://www.ntassembly.ca/sites/assembly/files/hn090305.pdf"
"16th Assembly"," 3rd Session","2009-3-4","https://www.ntassembly.ca/sites/assembly/files/hn090304.docx","https://www.ntassembly.ca/sites/assembly/files/hn090304.pdf"
"16th Assembly"," 3rd Session","2009-3-3","https://www.ntassembly.ca/sites/assembly/files/hn090303.docx","https://www.ntassembly.ca/sites/assembly/files/hn090303.pdf"
"16th Assembly"," 3rd Session","2009-3-2","https://www.ntassembly.ca/sites/assembly/files/hn090302_0.docx",""
"16th Assembly"," 3rd Session","2009-2-26","https://www.ntassembly.ca/sites/assembly/files/hn090226.docx","https://www.ntassembly.ca/sites/assembly/files/hn090226.pdf"
"16th Assembly"," 3rd Session","2009-2-25","https://www.ntassembly.ca/sites/assembly/files/hn090225.docx","https://www.ntassembly.ca/sites/assembly/files/hn090225.pdf"
"16th Assembly"," 3rd Session","2009-2-24","https://www.ntassembly.ca/sites/assembly/files/hn090224.docx","https://www.ntassembly.ca/sites/assembly/files/hn090224.pdf"
"16th Assembly"," 3rd Session","2009-2-23","https://www.ntassembly.ca/sites/assembly/files/hn090223.docx","https://www.ntassembly.ca/sites/assembly/files/hn090223.pdf"
"16th Assembly"," 3rd Session","2009-2-20","","https://www.ntassembly.ca/sites/assembly/files/hn090220.pdf"
"16th Assembly"," 3rd Session","2009-2-19","https://www.ntassembly.ca/sites/assembly/files/hn090219.docx","https://www.ntassembly.ca/sites/assembly/files/hn090219.pdf"
"16th Assembly"," 3rd Session","2009-2-18","https://www.ntassembly.ca/sites/assembly/files/hn090218.docx","https://www.ntassembly.ca/sites/assembly/files/hn090218.pdf"
"16th Assembly"," 3rd Session","2009-2-17","https://www.ntassembly.ca/sites/assembly/files/hn090217.docx","https://www.ntassembly.ca/sites/assembly/files/hn090217.pdf"
"16th Assembly"," 3rd Session","2009-2-16","https://www.ntassembly.ca/sites/assembly/files/hn090216.docx","https://www.ntassembly.ca/sites/assembly/files/hn090216.pdf"
"16th Assembly"," 3rd Session","2009-2-12","https://www.ntassembly.ca/sites/assembly/files/hn090212.docx","https://www.ntassembly.ca/sites/assembly/files/hn090212.pdf"
"16th Assembly"," 2nd Session","2008-10-21","https://www.ntassembly.ca/sites/assembly/files/h081021-final.docx",""
"16th Assembly"," 2nd Session","2008-10-20","https://www.ntassembly.ca/sites/assembly/files/h081020-final.docx",""
"16th Assembly"," 2nd Session","2008-10-17","https://www.ntassembly.ca/sites/assembly/files/h081017-final.docx",""
"16th Assembly"," 2nd Session","2008-10-16","https://www.ntassembly.ca/sites/assembly/files/h081016-final.docx",""
"16th Assembly"," 2nd Session","2008-10-15","https://www.ntassembly.ca/sites/assembly/files/h081015-final.docx",""
"16th Assembly"," 2nd Session","2008-10-9","https://www.ntassembly.ca/sites/assembly/files/h081009-final.docx",""
"16th Assembly"," 2nd Session","2008-10-8","https://www.ntassembly.ca/sites/assembly/files/h081008-final_0.docx",""
"16th Assembly"," 2nd Session","2008-10-7","https://www.ntassembly.ca/sites/assembly/files/h081007-final.docx",""
"16th Assembly"," 2nd Session","2008-10-6","https://www.ntassembly.ca/sites/assembly/files/h081006-final.docx",""
"16th Assembly"," 2nd Session","2008-10-3","https://www.ntassembly.ca/sites/assembly/files/h081003-final.docx",""
"16th Assembly"," 2nd Session","2008-10-2","https://www.ntassembly.ca/sites/assembly/files/h081002-final.docx",""
"16th Assembly"," 2nd Session","2008-10-1","https://www.ntassembly.ca/sites/assembly/files/h081001-final.docx",""
"16th Assembly"," 2nd Session","2008-6-19","https://www.ntassembly.ca/sites/assembly/files/h080619.docx",""
"16th Assembly"," 2nd Session","2008-6-18","https://www.ntassembly.ca/sites/assembly/files/h080618.docx",""
"16th Assembly"," 2nd Session","2008-6-17","https://www.ntassembly.ca/sites/assembly/files/h080617.docx",""
"16th Assembly"," 2nd Session","2008-6-16","https://www.ntassembly.ca/sites/assembly/files/h080616.docx",""
"16th Assembly"," 2nd Session","2008-6-6","https://www.ntassembly.ca/sites/assembly/files/h080606.docx","https://www.ntassembly.ca/sites/assembly/files/h080606.pdf"
"16th Assembly"," 2nd Session","2008-6-4","https://www.ntassembly.ca/sites/assembly/files/h080604.docx","https://www.ntassembly.ca/sites/assembly/files/h080604.pdf"
"16th Assembly"," 2nd Session","2008-6-2","https://www.ntassembly.ca/sites/assembly/files/h080602-print_ready_final.docx","https://www.ntassembly.ca/sites/assembly/files/h080602-print_ready_final.pdf"
"16th Assembly"," 2nd Session","2008-5-30","https://www.ntassembly.ca/sites/assembly/files/h080530-print_ready_final_2.docx","https://www.ntassembly.ca/sites/assembly/files/h080530-print_ready_final.pdf"
"16th Assembly"," 2nd Session","2008-5-28","https://www.ntassembly.ca/sites/assembly/files/h080528-print_ready_final.docx","https://www.ntassembly.ca/sites/assembly/files/h080528-print_ready_final.pdf"
"16th Assembly"," 2nd Session","2008-5-27","https://www.ntassembly.ca/sites/assembly/files/h080527-print_ready_final.docx","https://www.ntassembly.ca/sites/assembly/files/h080527-print_ready_final.pdf"
"16th Assembly"," 2nd Session","2008-5-26","https://www.ntassembly.ca/sites/assembly/files/h080526-print_ready_final.docx","https://www.ntassembly.ca/sites/assembly/files/h080526-print_ready_final.pdf"
"16th Assembly"," 2nd Session","2008-5-23","https://www.ntassembly.ca/sites/assembly/files/h080523-print_ready_final.docx","https://www.ntassembly.ca/sites/assembly/files/h080523-print_ready_final.pdf"
"16th Assembly"," 2nd Session","2008-5-22","https://www.ntassembly.ca/sites/assembly/files/h080522-print_ready_final.docx","https://www.ntassembly.ca/sites/assembly/files/h080522-print_ready_final.pdf"
"16th Assembly"," 1st Session","2007-11-30","https://www.ntassembly.ca/sites/assembly/files/hn071130.docx",""
"16th Assembly"," 1st Session","2007-11-29","https://www.ntassembly.ca/sites/assembly/files/hn071129_0.docx",""
"16th Assembly"," 1st Session","2007-11-28","https://www.ntassembly.ca/sites/assembly/files/hn071128_0.docx",""
"16th Assembly"," 1st Session","2007-11-27","https://www.ntassembly.ca/sites/assembly/files/hn071127_0.docx",""
"16th Assembly"," 1st Session","2007-10-19","https://www.ntassembly.ca/sites/assembly/files/hn071019.docx",""
"16th Assembly"," 1st Session","2007-10-18","https://www.ntassembly.ca/sites/assembly/files/hn071018.docx",""
"15th Assembly"," 6th Session","2007-8-23","https://www.ntassembly.ca/sites/assembly/files/hn070823.docx",""
"15th Assembly"," 6th Session","2007-8-22","https://www.ntassembly.ca/sites/assembly/files/hn070822.docx",""
"15th Assembly"," 6th Session","2007-8-21","https://www.ntassembly.ca/sites/assembly/files/hn070821.docx",""
"15th Assembly"," 6th Session","2007-8-20","https://www.ntassembly.ca/sites/assembly/files/hn070820.docx",""
"15th Assembly"," 6th Session","2007-8-17","https://www.ntassembly.ca/sites/assembly/files/hn070817.docx",""
"15th Assembly"," 6th Session","2007-8-16","https://www.ntassembly.ca/sites/assembly/files/hn070816.docx",""
"15th Assembly"," 6th Session","2007-8-15","https://www.ntassembly.ca/sites/assembly/files/hn070815.docx",""
"15th Assembly"," 6th Session","2007-5-17","https://www.ntassembly.ca/sites/assembly/files/hn070517.docx",""
"15th Assembly"," 6th Session","2007-5-16","https://www.ntassembly.ca/sites/assembly/files/hn070516.docx",""
"15th Assembly"," 6th Session","2007-5-15","https://www.ntassembly.ca/sites/assembly/files/hn070515.docx",""
"15th Assembly"," 6th Session","2007-5-14","https://www.ntassembly.ca/sites/assembly/files/hn070514.docx",""
"15th Assembly"," 6th Session","2007-5-11","https://www.ntassembly.ca/sites/assembly/files/hn070511.docx",""
"15th Assembly"," 6th Session","2007-5-10","https://www.ntassembly.ca/sites/assembly/files/hn070510.docx",""
"15th Assembly"," 6th Session","2007-5-9","https://www.ntassembly.ca/sites/assembly/files/hn070509.docx",""
"15th Assembly"," 6th Session","2007-3-14","https://www.ntassembly.ca/sites/assembly/files/hn070314.docx",""
"15th Assembly"," 6th Session","2007-3-14","https://www.ntassembly.ca/sites/assembly/files/hn070314_0.docx","https://www.ntassembly.ca/sites/assembly/files/hn070314.pdf"
"15th Assembly"," 6th Session","2007-3-13","https://www.ntassembly.ca/sites/assembly/files/hn070313_0.docx","https://www.ntassembly.ca/sites/assembly/files/hn070313.pdf"
"15th Assembly"," 5th Session","2007-3-12","https://www.ntassembly.ca/sites/assembly/files/hn070312_0.docx","https://www.ntassembly.ca/sites/assembly/files/hn070312.pdf"
"15th Assembly"," 5th Session","2007-3-9","https://www.ntassembly.ca/sites/assembly/files/hn070309_0.docx","https://www.ntassembly.ca/sites/assembly/files/hn070309.pdf"
"15th Assembly"," 5th Session","2007-3-8","https://www.ntassembly.ca/sites/assembly/files/hn070308_0.docx","https://www.ntassembly.ca/sites/assembly/files/hn070308.pdf"
"15th Assembly"," 5th Session","2007-3-7","https://www.ntassembly.ca/sites/assembly/files/hn070307_0.docx","https://www.ntassembly.ca/sites/assembly/files/hn070307.pdf"
"15th Assembly"," 5th Session","2007-3-6","https://www.ntassembly.ca/sites/assembly/files/hn070306_0.docx","https://www.ntassembly.ca/sites/assembly/files/hn070306.pdf"
"15th Assembly"," 5th Session","2007-3-5","https://www.ntassembly.ca/sites/assembly/files/hn070305_0.docx","https://www.ntassembly.ca/sites/assembly/files/hn070305.pdf"
"15th Assembly"," 5th Session","2007-2-22","https://www.ntassembly.ca/sites/assembly/files/hn070222_0.docx","https://www.ntassembly.ca/sites/assembly/files/hn070222.pdf"
"15th Assembly"," 5th Session","2007-2-21","https://www.ntassembly.ca/sites/assembly/files/hn070221_0.docx","https://www.ntassembly.ca/sites/assembly/files/hn070221.pdf"
"15th Assembly"," 5th Session","2007-2-20","https://www.ntassembly.ca/sites/assembly/files/hn070220_0.docx","https://www.ntassembly.ca/sites/assembly/files/hn070220.pdf"
"15th Assembly"," 5th Session","2007-2-19","https://www.ntassembly.ca/sites/assembly/files/hn070219_0.docx","https://www.ntassembly.ca/sites/assembly/files/hn070219.pdf"
"15th Assembly"," 5th Session","2007-2-16","https://www.ntassembly.ca/sites/assembly/files/hn070216_0.docx","https://www.ntassembly.ca/sites/assembly/files/hn070216.pdf"
"15th Assembly"," 5th Session","2007-2-15","","https://www.ntassembly.ca/sites/assembly/files/hn070215.pdf"
"15th Assembly"," 5th Session","2007-2-14","","https://www.ntassembly.ca/sites/assembly/files/hn070214.pdf"
"15th Assembly"," 5th Session","2007-2-13","","https://www.ntassembly.ca/sites/assembly/files/hn070213.pdf"
"15th Assembly"," 5th Session","2007-2-12","","https://www.ntassembly.ca/sites/assembly/files/hn070212.pdf"
"15th Assembly"," 5th Session","2007-2-9","","https://www.ntassembly.ca/sites/assembly/files/hn070209.pdf"
"15th Assembly"," 5th Session","2007-2-8","","https://www.ntassembly.ca/sites/assembly/files/hn070208.pdf"
"15th Assembly"," 5th Session","2007-2-7","","https://www.ntassembly.ca/sites/assembly/files/hn070207.pdf"
"15th Assembly"," 5th Session","2006-11-2","",""
"15th Assembly"," 5th Session","2006-11-1","",""
"15th Assembly"," 5th Session","2006-10-31","",""
"15th Assembly"," 5th Session","2006-10-30","https://www.ntassembly.ca/sites/assembly/files/hn061030_3.docx",""
"15th Assembly"," 5th Session","2006-10-27","https://www.ntassembly.ca/sites/assembly/files/hn061027_3.docx",""
"15th Assembly"," 5th Session","2006-10-27","",""
"15th Assembly"," 5th Session","2006-10-26","https://www.ntassembly.ca/sites/assembly/files/hn061026_2.docx",""
"15th Assembly"," 4th Session","2006-3-2","https://www.ntassembly.ca/sites/assembly/files/hn060302.docx",""
"15th Assembly"," 4th Session","2006-3-1","https://www.ntassembly.ca/sites/assembly/files/hn060301.docx",""
"15th Assembly"," 4th Session","2006-2-28","https://www.ntassembly.ca/sites/assembly/files/hn060228_0.docx","https://www.ntassembly.ca/sites/assembly/files/hn060228.pdf"
"15th Assembly"," 4th Session","2006-2-27","https://www.ntassembly.ca/sites/assembly/files/hn060227_0.docx","https://www.ntassembly.ca/sites/assembly/files/hn060227.pdf"
"15th Assembly"," 4th Session","2006-2-24","https://www.ntassembly.ca/sites/assembly/files/hn060224_0.docx","https://www.ntassembly.ca/sites/assembly/files/hn060224.pdf"
"15th Assembly"," 4th Session","2006-2-23","https://www.ntassembly.ca/sites/assembly/files/hn060223_0.docx","https://www.ntassembly.ca/sites/assembly/files/hn060223.pdf"
"15th Assembly"," 4th Session","2006-2-22","https://www.ntassembly.ca/sites/assembly/files/hn060222_2.docx","https://www.ntassembly.ca/sites/assembly/files/hn060222_0.pdf"
"15th Assembly"," 4th Session","2006-2-21","https://www.ntassembly.ca/sites/assembly/files/hn060221_0.docx","https://www.ntassembly.ca/sites/assembly/files/hn060221.pdf"
"15th Assembly"," 4th Session","2006-2-20","https://www.ntassembly.ca/sites/assembly/files/hn060220_0.docx","https://www.ntassembly.ca/sites/assembly/files/hn060220.pdf"
"15th Assembly"," 4th Session","2006-2-16","https://www.ntassembly.ca/sites/assembly/files/hn060216_0.docx","https://www.ntassembly.ca/sites/assembly/files/hn060216.pdf"
"15th Assembly"," 4th Session","2006-2-15","https://www.ntassembly.ca/sites/assembly/files/hn060215_0.docx","https://www.ntassembly.ca/sites/assembly/files/hn060215.pdf"
"15th Assembly"," 4th Session","2006-2-14","https://www.ntassembly.ca/sites/assembly/files/hn060214_0.docx","https://www.ntassembly.ca/sites/assembly/files/hn060214.pdf"
"15th Assembly"," 4th Session","2006-2-13","https://www.ntassembly.ca/sites/assembly/files/hn060213_0.docx","https://www.ntassembly.ca/sites/assembly/files/hn060213.pdf"
"15th Assembly"," 4th Session","2006-2-10","https://www.ntassembly.ca/sites/assembly/files/hn060210.docx",""
"15th Assembly"," 4th Session","2006-2-9","https://www.ntassembly.ca/sites/assembly/files/hn060209_0.docx","https://www.ntassembly.ca/sites/assembly/files/hn060209.pdf"
"15th Assembly"," 4th Session","2006-2-8","https://www.ntassembly.ca/sites/assembly/files/hn060208_0.docx","https://www.ntassembly.ca/sites/assembly/files/hn060208.pdf"
"15th Assembly"," 4th Session","2006-2-7","https://www.ntassembly.ca/sites/assembly/files/hn060207_0.docx","https://www.ntassembly.ca/sites/assembly/files/hn060207.pdf"
"15th Assembly"," 4th Session","2006-2-6","https://www.ntassembly.ca/sites/assembly/files/hn060206.docx",""
"15th Assembly"," 4th Session","2006-2-3","https://www.ntassembly.ca/sites/assembly/files/hn060203.docx",""
"15th Assembly"," 4th Session","2006-2-2","https://www.ntassembly.ca/sites/assembly/files/hn060202.docx",""
"15th Assembly"," 4th Session","2006-2-1","https://www.ntassembly.ca/sites/assembly/files/hn060201.docx",""
"15th Assembly"," 4th Session","2005-10-27","https://www.ntassembly.ca/sites/assembly/files/hn051027_0.docx","https://www.ntassembly.ca/sites/assembly/files/hn051027.pdf"
"15th Assembly"," 4th Session","2005-10-26","https://www.ntassembly.ca/sites/assembly/files/hn051026_0.docx","https://www.ntassembly.ca/sites/assembly/files/hn051026.pdf"
"15th Assembly"," 4th Session","2005-10-25","https://www.ntassembly.ca/sites/assembly/files/hn051025_0.docx","https://www.ntassembly.ca/sites/assembly/files/hn051025.pdf"
"15th Assembly"," 4th Session","2005-10-24","https://www.ntassembly.ca/sites/assembly/files/hn051024.docx","https://www.ntassembly.ca/sites/assembly/files/hn051024.pdf"
"15th Assembly"," 3rd Session","2005-3-10","https://www.ntassembly.ca/sites/assembly/files/hn050310_0.docx",""
"15th Assembly"," 3rd Session","2005-3-9","https://www.ntassembly.ca/sites/assembly/files/hn050309_0.docx",""
"15th Assembly"," 3rd Session","2005-3-8","https://www.ntassembly.ca/sites/assembly/files/hn050308_0.docx",""
"15th Assembly"," 3rd Session","2005-3-7","https://www.ntassembly.ca/sites/assembly/files/hn050307_0.docx",""
"15th Assembly"," 3rd Session","2005-3-4","https://www.ntassembly.ca/sites/assembly/files/hn050304.docx",""
"15th Assembly"," 3rd Session","2005-3-3","https://www.ntassembly.ca/sites/assembly/files/hn050303_0.docx","https://www.ntassembly.ca/sites/assembly/files/hn050303.pdf"
"15th Assembly"," 3rd Session","2005-3-2","https://www.ntassembly.ca/sites/assembly/files/hn050302.docx",""
"15th Assembly"," 3rd Session","2005-3-1","https://www.ntassembly.ca/sites/assembly/files/hn050301_0.docx","https://www.ntassembly.ca/sites/assembly/files/hn050301.pdf"
"15th Assembly"," 3rd Session","2005-2-28","https://www.ntassembly.ca/sites/assembly/files/hn050228_0.docx","https://www.ntassembly.ca/sites/assembly/files/hn050228.pdf"
"15th Assembly"," 3rd Session","2005-2-25","https://www.ntassembly.ca/sites/assembly/files/hn050225.docx",""
"15th Assembly"," 3rd Session","2005-2-24","https://www.ntassembly.ca/sites/assembly/files/hn050224.docx",""
"15th Assembly"," 3rd Session","2005-2-23","https://www.ntassembly.ca/sites/assembly/files/hn050223_0.docx","https://www.ntassembly.ca/sites/assembly/files/hn050223.pdf"
"15th Assembly"," 3rd Session","2005-2-22","https://www.ntassembly.ca/sites/assembly/files/hn050222_1.docx","https://www.ntassembly.ca/sites/assembly/files/hn050222_0.pdf"
"15th Assembly"," 3rd Session","2005-2-22","https://www.ntassembly.ca/sites/assembly/files/hn050222_0.docx","https://www.ntassembly.ca/sites/assembly/files/hn050222.pdf"
"15th Assembly"," 3rd Session","2005-2-21","https://www.ntassembly.ca/sites/assembly/files/hn050221_0.docx","https://www.ntassembly.ca/sites/assembly/files/hn050221.pdf"
"15th Assembly"," 3rd Session","2005-2-18","https://www.ntassembly.ca/sites/assembly/files/hn050218.docx",""
"15th Assembly"," 3rd Session","2005-2-17","https://www.ntassembly.ca/sites/assembly/files/hn050217_0.docx","https://www.ntassembly.ca/sites/assembly/files/hn050217.pdf"
"15th Assembly"," 3rd Session","2005-2-16","https://www.ntassembly.ca/sites/assembly/files/hn050216_0.docx","https://www.ntassembly.ca/sites/assembly/files/hn050216.pdf"
"15th Assembly"," 3rd Session","2005-2-15","https://www.ntassembly.ca/sites/assembly/files/hn050215.docx",""
"15th Assembly"," 3rd Session","2005-2-14","https://www.ntassembly.ca/sites/assembly/files/hn050214.docx",""
"15th Assembly"," 3rd Session","2005-2-11","https://www.ntassembly.ca/sites/assembly/files/hn050211.docx",""
"15th Assembly"," 3rd Session","2005-2-10","https://www.ntassembly.ca/sites/assembly/files/hn050210.docx",""
"15th Assembly"," 3rd Session","2005-2-9","https://www.ntassembly.ca/sites/assembly/files/hn050209.docx",""
"15th Assembly"," 3rd Session","2004-10-29","https://www.ntassembly.ca/sites/assembly/files/hn041029.docx",""
"15th Assembly"," 3rd Session","2004-10-28","https://www.ntassembly.ca/sites/assembly/files/hn041028.docx",""
"15th Assembly"," 2nd Session","2004-1-21","https://www.ntassembly.ca/sites/assembly/files/hn040121.docx",""
"15th Assembly"," 2nd Session","2004-1-20","https://www.ntassembly.ca/sites/assembly/files/hn040120.docx",""
"15th Assembly"," 1st Session","2003-12-12","https://www.ntassembly.ca/sites/assembly/files/hn031212.docx",""
"15th Assembly"," 1st Session","2003-12-11","https://www.ntassembly.ca/sites/assembly/files/hn031211.docx",""
"14th Assembly"," 6th Session","2003-10-10","","https://www.ntassembly.ca/sites/assembly/files/hn031010.pdf"
"14th Assembly"," 6th Session","2003-10-9","","https://www.ntassembly.ca/sites/assembly/files/hn031009.pdf"
"14th Assembly"," 6th Session","2003-10-8","","https://www.ntassembly.ca/sites/assembly/files/hn031008.pdf"
"14th Assembly"," 6th Session","2003-10-7","","https://www.ntassembly.ca/sites/assembly/files/hn031007.pdf"
"14th Assembly"," 6th Session","2003-10-6","","https://www.ntassembly.ca/sites/assembly/files/hn031006.pdf"
"14th Assembly"," 6th Session","2003-10-3","","https://www.ntassembly.ca/sites/assembly/files/hn031003.pdf"
"14th Assembly"," 6th Session","2003-10-2","","https://www.ntassembly.ca/sites/assembly/files/hn031002.pdf"
"14th Assembly"," 6th Session","2003-10-1","","https://www.ntassembly.ca/sites/assembly/files/hn031001.pdf"
"14th Assembly"," 6th Session","2003-9-30","","https://www.ntassembly.ca/sites/assembly/files/hn030930.pdf"
"14th Assembly"," 6th Session","2003-6-13","","https://www.ntassembly.ca/sites/assembly/files/hn030613.pdf"
"14th Assembly"," 6th Session","2003-6-12","","https://www.ntassembly.ca/sites/assembly/files/hn030612.pdf"
"14th Assembly"," 6th Session","2003-6-11","","https://www.ntassembly.ca/sites/assembly/files/hn030611.pdf"
"14th Assembly"," 6th Session","2003-6-10","","https://www.ntassembly.ca/sites/assembly/files/hn030610.pdf"
"14th Assembly"," 6th Session","2003-6-9","","https://www.ntassembly.ca/sites/assembly/files/hn030609.pdf"
"14th Assembly"," 6th Session","2003-6-6","","https://www.ntassembly.ca/sites/assembly/files/hn030606.pdf"
"14th Assembly"," 6th Session","2003-6-5","","https://www.ntassembly.ca/sites/assembly/files/hn030605.pdf"
"14th Assembly"," 6th Session","2003-6-4","","https://www.ntassembly.ca/sites/assembly/files/hn030604.pdf"
"14th Assembly"," 6th Session","2003-3-13","","https://www.ntassembly.ca/sites/assembly/files/hn030313.pdf"
"14th Assembly"," 6th Session","2003-3-12","","https://www.ntassembly.ca/sites/assembly/files/hn030312.pdf"
"14th Assembly"," 6th Session","2003-3-11","","https://www.ntassembly.ca/sites/assembly/files/hn030311.pdf"
"14th Assembly"," 6th Session","2003-3-10","","https://www.ntassembly.ca/sites/assembly/files/hn030310.pdf"
"14th Assembly"," 6th Session","2003-3-7","","https://www.ntassembly.ca/sites/assembly/files/hn030307.pdf"
"14th Assembly"," 6th Session","2003-3-6","","https://www.ntassembly.ca/sites/assembly/files/hn030306.pdf"
"14th Assembly"," 6th Session","2003-3-5","","https://www.ntassembly.ca/sites/assembly/files/hn030305.pdf"
"14th Assembly"," 6th Session","2003-3-4","","https://www.ntassembly.ca/sites/assembly/files/hn030304.pdf"
"14th Assembly"," 5th Session","2002-10-30","","https://www.ntassembly.ca/sites/assembly/files/hn021030.pdf"
"14th Assembly"," 5th Session","2002-10-29","","https://www.ntassembly.ca/sites/assembly/files/hn021029.pdf"
"14th Assembly"," 5th Session","2002-10-28","","https://www.ntassembly.ca/sites/assembly/files/hn021028.pdf"
"14th Assembly"," 5th Session","2002-10-25","","https://www.ntassembly.ca/sites/assembly/files/hn021025.pdf"
"14th Assembly"," 5th Session","2002-10-24","","https://www.ntassembly.ca/sites/assembly/files/hn021024.pdf"
"14th Assembly"," 5th Session","2002-10-23","","https://www.ntassembly.ca/sites/assembly/files/hn021023.pdf"
"14th Assembly"," 5th Session","2002-10-22","","https://www.ntassembly.ca/sites/assembly/files/hn021022.pdf"
"14th Assembly"," 5th Session","2002-10-21","","https://www.ntassembly.ca/sites/assembly/files/hn021021.pdf"
"14th Assembly"," 5th Session","2002-10-18","","https://www.ntassembly.ca/sites/assembly/files/hn021018.pdf"
"14th Assembly"," 5th Session","2002-10-17","","https://www.ntassembly.ca/sites/assembly/files/hn021017.pdf"
"14th Assembly"," 5th Session","2002-10-16","","https://www.ntassembly.ca/sites/assembly/files/hn021016.pdf"
"14th Assembly"," 5th Session","2002-6-19","","https://www.ntassembly.ca/sites/assembly/files/hn020619.pdf"
"14th Assembly"," 5th Session","2002-6-18","","https://www.ntassembly.ca/sites/assembly/files/hn020618.pdf"
"14th Assembly"," 5th Session","2002-6-17","","https://www.ntassembly.ca/sites/assembly/files/hn020617.pdf"
"14th Assembly"," 5th Session","2002-6-14","","https://www.ntassembly.ca/sites/assembly/files/hn020614.pdf"
"14th Assembly"," 5th Session","2002-6-13","","https://www.ntassembly.ca/sites/assembly/files/hn020613.pdf"
"14th Assembly"," 5th Session","2002-6-12","","https://www.ntassembly.ca/sites/assembly/files/hn020612.pdf"
"14th Assembly"," 5th Session","2002-6-11","","https://www.ntassembly.ca/sites/assembly/files/hn020611.pdf"
"14th Assembly"," 5th Session","2002-3-14","","https://www.ntassembly.ca/sites/assembly/files/hn020314.pdf"
"14th Assembly"," 5th Session","2002-3-13","","https://www.ntassembly.ca/sites/assembly/files/hn020313.pdf"
"14th Assembly"," 5th Session","2002-3-12","","https://www.ntassembly.ca/sites/assembly/files/hn020312.pdf"
"14th Assembly"," 5th Session","2002-3-11","","https://www.ntassembly.ca/sites/assembly/files/hn020311.pdf"
"14th Assembly"," 5th Session","2002-3-8","","https://www.ntassembly.ca/sites/assembly/files/hn020308.pdf"
"14th Assembly"," 5th Session","2002-3-7","","https://www.ntassembly.ca/sites/assembly/files/hn020307_0.pdf"
"14th Assembly"," 5th Session","2002-3-6","","https://www.ntassembly.ca/sites/assembly/files/hn020306.pdf"
"14th Assembly"," 4th Session","2001-11-6","","https://www.ntassembly.ca/sites/assembly/files/hn011106.pdf"
"14th Assembly"," 4th Session","2001-11-5","","https://www.ntassembly.ca/sites/assembly/files/hn011105.pdf"
"14th Assembly"," 4th Session","2001-11-2","","https://www.ntassembly.ca/sites/assembly/files/hn011102.pdf"
"14th Assembly"," 4th Session","2001-11-1","","https://www.ntassembly.ca/sites/assembly/files/hn011101.pdf"
"14th Assembly"," 4th Session","2001-10-31","","https://www.ntassembly.ca/sites/assembly/files/hn011031.pdf"
"14th Assembly"," 4th Session","2001-10-30","","https://www.ntassembly.ca/sites/assembly/files/hn011030.pdf"
"14th Assembly"," 4th Session","2001-10-29","","https://www.ntassembly.ca/sites/assembly/files/hn011029.pdf"
"14th Assembly"," 4th Session","2001-10-26","","https://www.ntassembly.ca/sites/assembly/files/hn011026.pdf"
"14th Assembly"," 4th Session","2001-10-25","","https://www.ntassembly.ca/sites/assembly/files/hn011025.pdf"
"14th Assembly"," 4th Session","2001-10-24","","https://www.ntassembly.ca/sites/assembly/files/hn010724_0.pdf"
"14th Assembly"," 4th Session","2001-10-23","","https://www.ntassembly.ca/sites/assembly/files/hn010723_0.pdf"
"14th Assembly"," 4th Session","2001-7-24","","https://www.ntassembly.ca/sites/assembly/files/hn010724.pdf"
"14th Assembly"," 4th Session","2001-7-23","","https://www.ntassembly.ca/sites/assembly/files/hn010723.pdf"
"14th Assembly"," 4th Session","2001-6-14","","https://www.ntassembly.ca/sites/assembly/files/hn010614.pdf"
"14th Assembly"," 4th Session","2001-6-13","","https://www.ntassembly.ca/sites/assembly/files/hn010613.pdf"
"14th Assembly"," 4th Session","2001-6-12","","https://www.ntassembly.ca/sites/assembly/files/hn010612.pdf"
"14th Assembly"," 4th Session","2001-6-11","","https://www.ntassembly.ca/sites/assembly/files/hn010611.pdf"
"14th Assembly"," 4th Session","2001-6-8","","https://www.ntassembly.ca/sites/assembly/files/hn010608.pdf"
"14th Assembly"," 4th Session","2001-6-7","","https://www.ntassembly.ca/sites/assembly/files/hn010607.pdf"
"14th Assembly"," 4th Session","2001-6-6","","https://www.ntassembly.ca/sites/assembly/files/hn010606.pdf"
"14th Assembly"," 4th Session","2001-6-5","","https://www.ntassembly.ca/sites/assembly/files/hn010605.pdf"
"14th Assembly"," 3rd Session","2001-3-7","","https://www.ntassembly.ca/sites/assembly/files/hn010307.pdf"
"14th Assembly"," 3rd Session","2001-3-6","","https://www.ntassembly.ca/sites/assembly/files/hn010306.pdf"
"14th Assembly"," 3rd Session","2001-3-5","","https://www.ntassembly.ca/sites/assembly/files/hn010305.pdf"
"14th Assembly"," 3rd Session","2001-3-2","","https://www.ntassembly.ca/sites/assembly/files/hn010302.pdf"
"14th Assembly"," 3rd Session","2001-3-1","","https://www.ntassembly.ca/sites/assembly/files/hn010301.pdf"
"14th Assembly"," 3rd Session","2001-2-28","","https://www.ntassembly.ca/sites/assembly/files/hn010228.pdf"
"14th Assembly"," 3rd Session","2001-2-27","","https://www.ntassembly.ca/sites/assembly/files/hn010227.pdf"
"14th Assembly"," 3rd Session","2001-2-26","","https://www.ntassembly.ca/sites/assembly/files/hn010226.pdf"
"14th Assembly"," 3rd Session","2001-2-23","","https://www.ntassembly.ca/sites/assembly/files/hn010223.pdf"
"14th Assembly"," 3rd Session","2001-2-22","","https://www.ntassembly.ca/sites/assembly/files/hn010222.pdf"
"14th Assembly"," 3rd Session","2001-2-21","","https://www.ntassembly.ca/sites/assembly/files/hn010221.pdf"
"14th Assembly"," 3rd Session","2001-2-20","","https://www.ntassembly.ca/sites/assembly/files/hn010220.pdf"
"14th Assembly"," 3rd Session","2001-2-19","","https://www.ntassembly.ca/sites/assembly/files/hn010219.pdf"
"14th Assembly"," 3rd Session","2001-2-16","","https://www.ntassembly.ca/sites/assembly/files/hn010216.pdf"
"14th Assembly"," 3rd Session","2001-2-15","","https://www.ntassembly.ca/sites/assembly/files/hn010215.pdf"
"14th Assembly"," 3rd Session","2001-2-14","","https://www.ntassembly.ca/sites/assembly/files/hn010214.pdf"
"14th Assembly"," 3rd Session","2000-11-16","","https://www.ntassembly.ca/sites/assembly/files/hn001116.pdf"
"14th Assembly"," 3rd Session","2000-11-15","","https://www.ntassembly.ca/sites/assembly/files/hn001115.pdf"
"14th Assembly"," 3rd Session","2000-11-14","","https://www.ntassembly.ca/sites/assembly/files/hn001114.pdf"
"14th Assembly"," 3rd Session","2000-11-10","","https://www.ntassembly.ca/sites/assembly/files/hn001110.pdf"
"14th Assembly"," 3rd Session","2000-11-9","","https://www.ntassembly.ca/sites/assembly/files/hn001109.pdf"
"14th Assembly"," 3rd Session","2000-11-8","","https://www.ntassembly.ca/sites/assembly/files/hn001108.pdf"
"14th Assembly"," 3rd Session","2000-11-7","","https://www.ntassembly.ca/sites/assembly/files/hn001107.pdf"
"14th Assembly"," 3rd Session","2000-11-6","","https://www.ntassembly.ca/sites/assembly/files/hn001106.pdf"
"14th Assembly"," 3rd Session","2000-11-3","","https://www.ntassembly.ca/sites/assembly/files/hn001103.pdf"
"14th Assembly"," 2nd Session","2000-3-31","","https://www.ntassembly.ca/sites/assembly/files/day_15_-_march_31_2000.pdf"
"14th Assembly"," 2nd Session","2000-3-30","","https://www.ntassembly.ca/sites/assembly/files/day_14_-_march_30_2000.pdf"
"14th Assembly"," 2nd Session","2000-3-29","","https://www.ntassembly.ca/sites/assembly/files/day_13_-_march_29_2000.pdf"
"14th Assembly"," 2nd Session","2000-3-28","","https://www.ntassembly.ca/sites/assembly/files/day_12_-_march_28_2000.pdf"
"14th Assembly"," 2nd Session","2000-3-27","","https://www.ntassembly.ca/sites/assembly/files/day_11_-_march_27_2000.pdf"
"14th Assembly"," 2nd Session","2000-3-24","","https://www.ntassembly.ca/sites/assembly/files/day_10_-_march_24_2000.pdf"
"14th Assembly"," 2nd Session","2000-3-23","","https://www.ntassembly.ca/sites/assembly/files/day_9_-_march_23_2000.pdf"
"14th Assembly"," 2nd Session","2000-3-22","","https://www.ntassembly.ca/sites/assembly/files/day_8_-_march_22_2000.pdf"
"14th Assembly"," 2nd Session","2000-3-21","","https://www.ntassembly.ca/sites/assembly/files/day_7_-_march_21_2000.pdf"
"14th Assembly"," 2nd Session","2000-2-29","","https://www.ntassembly.ca/sites/assembly/files/day_6_-_feb_29_2000.pdf"
"14th Assembly"," 2nd Session","2000-2-28","","https://www.ntassembly.ca/sites/assembly/files/day_5_-_feb_28_2000.pdf"
"14th Assembly"," 2nd Session","2000-2-25","","https://www.ntassembly.ca/sites/assembly/files/day_4_-_feb_25_2000.pdf"
"14th Assembly"," 2nd Session","2000-2-24","","https://www.ntassembly.ca/sites/assembly/files/day_3_-_feb_24_2000.pdf"
"14th Assembly"," 2nd Session","2000-2-23","","https://www.ntassembly.ca/sites/assembly/files/day_2_-_feb_23_2000.pdf"
"14th Assembly"," 2nd Session","2000-2-22","","https://www.ntassembly.ca/sites/assembly/files/day_1_-_feb_22_2000.pdf"
"14th Assembly"," 1st Session","2000-1-19","","https://www.ntassembly.ca/sites/assembly/files/day_1_-_jan_19_2000.pdf"
